{"k1": 87206311.18386057, "k2": 370.60755845007566, "q_in": 7948.90065589957}