{"k1": 31006311.18386057, "k2": 430.60755845007566, "q_in": 11148.90065589957}